Charge rate scale,naive-time,naive-fail,greedy-time,greedy-fail
-25,5.02832698585,0,4.59575483111,0
-20,4.97973719135,0,4.56058122042,0
-15,4.93686384327,0,4.52954568157,0
-10,4.89875420053,0,4.50195853593,0
-5,4.86465609913,0,4.46695149792,0
0,4.83396780787,0,4.43368059622,0
5,4.80620221102,0,4.38647726946,0
10,4.78096075934,0,4.36468157399,0
15,4.75791421649,0,4.33938405052,0
20,4.73678821889,0,4.31589340722,0
